# 12th Gen Intel(R) Core(TM) i7-12700F | NVIDIA GeForce RTX 3060 Ti | Godot 4.7.1-stable (official) | Windows
# 2026-10-09, 5 s measured per run after 180 warm-up ticks (60 a second), vsync off
setup,units,ticks,tick_frame_ms,tick_frame_p95_ms,draw_ms,step_ms,catchup_frames,catchup_ms,ticks_per_s
agent_avoid,100,300,0.81,0.98,0.41,0.40,0,nan,60.0
agent_avoid,250,300,1.14,1.30,0.41,0.73,0,nan,60.0
agent_avoid,500,300,1.62,1.79,0.42,1.20,0,nan,59.9
agent_avoid,1000,300,2.85,3.17,0.52,2.33,0,nan,59.8
agent_avoid,2000,300,5.38,5.90,0.68,4.71,0,nan,59.7
agent_avoid,4000,300,11.11,12.78,1.82,9.30,0,nan,59.2
agent_avoid,8000,0,nan,nan,nan,nan,30,169.22,45.3
agent_plain,100,300,0.58,0.67,0.41,0.18,0,nan,60.0
agent_plain,250,300,0.78,0.85,0.41,0.37,0,nan,60.0
agent_plain,500,300,1.12,1.27,0.41,0.71,0,nan,59.9
agent_plain,1000,300,2.09,2.38,0.50,1.58,0,nan,59.9
agent_plain,2000,300,3.68,3.97,0.63,3.06,0,nan,59.7
agent_plain,4000,300,6.80,7.37,0.78,6.02,0,nan,59.4
agent_plain,8000,300,15.78,17.19,4.11,11.67,0,nan,58.7
shared_path,100,300,0.51,0.54,0.41,0.10,0,nan,60.0
shared_path,250,300,0.59,0.66,0.41,0.18,0,nan,60.0
shared_path,500,300,0.74,0.84,0.41,0.33,0,nan,60.0
shared_path,1000,300,1.00,1.10,0.43,0.57,0,nan,60.0
shared_path,2000,300,1.65,2.00,0.49,1.16,0,nan,59.9
shared_path,4000,300,2.88,3.23,0.63,2.26,0,nan,59.8
shared_path,8000,300,5.42,5.80,1.00,4.42,0,nan,59.7
flow_multimesh,100,300,0.51,0.53,0.41,0.10,0,nan,60.0
flow_multimesh,250,300,0.62,0.66,0.41,0.21,0,nan,60.0
flow_multimesh,500,300,0.80,0.84,0.41,0.39,0,nan,60.0
flow_multimesh,1000,300,1.14,1.22,0.43,0.71,0,nan,60.0
flow_multimesh,2000,300,1.83,1.94,0.46,1.36,0,nan,60.0
flow_multimesh,4000,300,3.12,3.27,0.53,2.58,0,nan,60.0
flow_multimesh,8000,300,5.73,6.12,0.68,5.05,0,nan,59.9
